Source File	Size	loadResources	load	generateSnapshots	load-configure	scan	loadDepInfo	loadInfo	checkR4R4B	generateNarratives	validate	loadLists	checkConformanceResources	checkConformanceResources2	checkConformanceResources3	generateLogicalMaps	validateExpressions	scanForUsageStats	checkURLsUnique	processProvenanceDetails	generate1	generate2	generateLogicals	makeDependencies	generateExampleZip	generateValidationPack	scanProfilesForR5	scanExamplesForR5
/fsh-generated/resources/ImplementationGuide-ans.fhir.fr.eprescription.json	78484	-	0	0	0	0	0	0	22	113	0	0	0	0	0	0	0	2	0	0	231	256	0	0	0	13	0	1
fsh-generated/resources/Bundle-HAS-01-Presc-Pantoprazole-DC.json	3299	13	19	0	1	0	0	0	0	641	0	0	0	0	0	0	0	0	0	0	19	24	0	0	0	0	0	1
fsh-generated/resources/Bundle-HAS-01-Presc-Pantoprazole-MV.json	2018	6	3	0	0	0	0	0	0	8	0	0	0	0	0	0	0	0	0	0	13	15	0	0	0	0	0	0
fsh-generated/resources/Bundle-HAS-02-Presc-Fluindione.json	2082	5	3	0	0	0	0	0	1	3610	0	0	0	0	0	0	0	0	0	0	15	16	0	0	0	0	0	0
fsh-generated/resources/Bundle-HAS-03-Presc-INNOHEP.json	2541	5	3	0	0	0	0	0	0	13	0	0	0	0	0	0	0	0	0	0	15	15	0	0	0	0	0	0
fsh-generated/resources/Bundle-HAS-04a-Presc-Paracetamol.json	2688	5	3	0	0	0	0	0	0	13	0	0	0	0	0	0	0	0	0	0	16	17	0	0	0	0	0	0
fsh-generated/resources/Bundle-HAS-04b-Presc-DAFALGANCODEINE.json	3755	11	5	0	0	0	0	0	1	857	0	0	0	0	0	0	0	0	0	0	19	15	0	0	0	0	0	0
fsh-generated/resources/Bundle-HAS-05a-Presc-Fluindione.json	2142	11	2	0	0	0	0	0	0	11	0	0	0	0	0	0	0	0	0	0	13	14	0	0	0	0	0	0
fsh-generated/resources/Bundle-HAS-05b-Presc-ACTISKENAN.json	2313	9	3	0	0	0	0	0	0	9	0	0	0	0	0	0	0	0	0	0	17	14	0	0	0	0	0	0
fsh-generated/resources/Bundle-HAS-06-1-Presc-Methotrexate.json	2204	5	4	0	0	0	0	0	0	9	0	0	0	0	0	0	0	0	0	0	21	14	0	0	0	0	0	0
fsh-generated/resources/Bundle-HAS-06-2-Presc-Methotrexate.json	2175	5	4	0	0	0	0	0	1	8	0	0	0	0	0	0	0	0	0	0	16	14	0	0	0	0	0	0
fsh-generated/resources/Bundle-HAS-07-Presc-Paracetamol.json	2675	4	6	0	0	0	0	0	0	372	0	0	0	0	0	0	0	0	0	0	14	18	0	0	0	0	0	0
fsh-generated/resources/Bundle-HAS-08-1-Presc-Betamethasone.json	2264	5	3	0	1	0	0	0	0	7	0	0	0	0	0	0	0	1	0	0	14	13	0	0	0	0	0	0
fsh-generated/resources/Bundle-HAS-08-2-Presc-Paracetamol.json	2406	5	3	0	0	0	0	0	1	5	0	0	0	0	0	0	0	0	0	0	17	13	0	0	0	0	0	0
fsh-generated/resources/Bundle-HAS-09-Presc-Ropinirole.json	2113	4	3	0	0	0	0	0	0	7	0	0	0	0	0	0	0	0	0	0	13	13	0	0	0	0	0	0
fsh-generated/resources/Bundle-HAS-10-Presc-Methotrexate.json	2185	5	3	0	0	0	0	0	0	5	0	0	0	0	0	0	0	0	0	0	13	13	0	0	0	0	0	0
fsh-generated/resources/Bundle-HAS-11-1-Presc-VitamineD.json	2325	5	2	0	0	0	0	0	0	10	0	0	0	0	0	0	0	0	0	0	14	13	0	0	0	0	0	0
fsh-generated/resources/Bundle-HAS-11-2-Presc-EVRA.json	3013	4	3	0	0	0	0	0	1	8	0	0	0	0	0	0	0	0	0	0	17	15	0	0	0	0	0	0
fsh-generated/resources/Bundle-HAS-12-1-Presc-BEPANTHEN.json	2157	5	3	0	0	0	0	0	0	5	0	0	0	0	0	0	0	0	0	0	13	15	0	0	0	0	0	0
fsh-generated/resources/Bundle-HAS-12-2-Presc-Methotrexate.json	2158	5	2	0	0	0	0	0	0	4	0	0	0	0	0	0	0	0	0	0	17	13	0	0	0	0	0	0
fsh-generated/resources/Bundle-HAS-12-3-Presc-Enoxaparine.json	3808	5	3	0	0	0	0	0	1	358	0	0	0	0	0	0	0	0	0	0	19	15	0	0	0	0	0	0
fsh-generated/resources/Bundle-HAS-13-Presc-Desloratadine.json	2360	11	3	0	0	0	0	0	0	5	0	0	0	0	0	0	0	0	0	0	15	15	0	0	0	0	0	0
fsh-generated/resources/Bundle-HAS-14-1-Presc-CODOLIPRANE.json	3298	11	3	0	0	0	0	0	0	5	0	0	0	0	0	0	0	0	0	0	17	14	0	0	0	0	0	0
fsh-generated/resources/Bundle-HAS-14-2-Presc-Betamethasone.json	2712	11	2	0	1	0	0	0	0	3	0	0	0	0	0	0	0	0	0	0	14	15	0	0	0	0	0	0
fsh-generated/resources/Bundle-HAS-15-Presc-Morphine.json	2451	11	3	0	0	0	0	0	1	4	0	0	0	0	0	0	0	0	0	0	19	14	0	0	0	0	0	0
fsh-generated/resources/Bundle-HAS-16-Presc-Racecadotril.json	2558	10	3	0	0	0	0	0	0	6	0	0	0	0	0	0	0	0	0	0	14	21	0	0	0	0	0	0
fsh-generated/resources/Bundle-HAS-17-Presc-Budesonide.json	2796	10	3	0	0	0	0	0	0	6	0	0	0	0	0	0	0	0	0	0	14	16	0	0	0	0	0	0
fsh-generated/resources/Bundle-HAS-18-Presc-Budesonide-MV.json	2794	7	2	0	0	0	0	0	1	6	0	0	0	0	0	0	0	0	0	0	14	16	0	0	0	0	0	0
fsh-generated/resources/Bundle-HAS-19-Presc-Paracetamol.json	2601	5	3	0	0	0	0	0	0	7	0	0	0	0	0	0	0	0	0	0	13	17	0	0	0	0	0	0
fsh-generated/resources/Bundle-HAS-20-Presc-Hydrocortisone.json	2521	5	3	0	0	0	0	0	0	7	0	0	0	0	0	0	0	0	0	0	13	15	0	0	0	0	0	0
fsh-generated/resources/Bundle-HAS-21-Presc-Prednisolone.json	6091	5	4	0	0	0	0	0	1	9	0	0	0	0	0	0	0	0	0	0	19	16	0	0	0	0	0	0
fsh-generated/resources/Bundle-HAS-22-Presc-Prednisolone.json	6091	5	3	0	0	0	0	0	1	9	0	0	0	0	0	0	0	0	0	0	18	17	0	0	0	0	0	0
fsh-generated/resources/Bundle-HAS-23-1-Presc-Fluindione.json	3496	4	3	0	0	0	0	0	0	7	0	0	0	0	0	0	0	0	0	0	14	14	0	0	0	0	0	0
fsh-generated/resources/Bundle-HAS-23-2-Presc-Amiodarone.json	2576	5	5	0	0	0	0	0	0	6	0	0	0	0	0	0	0	0	0	0	14	13	0	0	0	0	0	0
fsh-generated/resources/Bundle-HAS-24-1-presc-Doxycyline.json	2439	5	5	0	0	0	0	0	0	6	0	0	0	0	0	0	0	0	0	0	13	15	0	0	0	0	0	0
fsh-generated/resources/Bundle-HAS-24-1-presc-Topiramate.json	2485	5	2	0	1	0	0	0	1	6	0	0	0	0	0	0	0	0	0	0	14	14	0	0	0	0	0	0
fsh-generated/resources/Bundle-HAS-25-NOVORAPID.json	3408	4	3	0	0	0	0	0	0	7	0	0	0	0	0	0	0	0	0	0	15	17	0	0	0	0	0	0
fsh-generated/resources/Bundle-HAS-26-Diazepam.json	2443	5	3	0	0	0	0	0	0	6	0	0	0	0	0	0	0	0	0	0	13	16	0	0	0	0	0	0
fsh-generated/resources/Bundle-HAS-27-1-presc-GLUCOPHAGE.json	2328	5	2	0	0	0	0	0	1	6	0	0	0	0	0	0	0	0	0	0	13	15	0	0	0	0	0	1
fsh-generated/resources/Bundle-HAS-27-2-presc-Rifampicine.json	2163	5	3	0	0	0	0	0	0	6	0	0	0	0	0	0	0	0	0	0	12	14	0	0	0	0	0	0
fsh-generated/resources/Bundle-HAS-28-Presc-LOVENOX.json	4003	5	2	0	0	0	0	0	0	7	0	0	0	0	0	0	0	0	0	0	16	14	0	0	0	0	0	0
fsh-generated/resources/Bundle-HAS-29-Presc-LOVENOX.json	2745	4	3	0	0	0	0	0	0	6	0	0	0	0	0	0	0	0	0	0	14	15	0	0	0	0	0	0
fsh-generated/resources/Bundle-HAS-30-1-Presc-Hydrocortisone.json	6091	5	3	0	0	0	0	0	1	74	0	0	0	0	0	0	0	0	0	0	20	16	0	0	0	0	0	0
fsh-generated/resources/Bundle-HAS-30-2-Presc-Cetirizine.json	2394	5	3	0	0	0	0	0	0	9	0	0	0	0	0	0	0	0	0	0	13	14	0	0	0	0	0	0
fsh-generated/resources/Bundle-HAS-31-Presc-DUROGESIC.json	2595	5	2	0	0	0	0	0	0	6	0	0	0	0	0	0	0	0	0	0	13	14	0	0	0	0	0	0
fsh-generated/resources/Bundle-HAS-32-1-Presc-LOVENOX.json	2699	5	3	0	0	0	0	0	0	6	0	0	0	0	0	0	0	0	0	0	14	13	0	0	0	0	0	0
fsh-generated/resources/Bundle-HAS-32-2-Presc-ULTIBRO-BREES.json	2857	5	2	0	0	0	0	0	1	5	0	0	0	0	0	0	0	0	0	0	13	13	0	0	0	0	0	0
fsh-generated/resources/Bundle-HAS-33-Presc-VERSATIS.json	2205	4	4	0	1	0	0	0	0	8	0	0	0	0	0	0	0	0	0	0	13	12	0	0	0	0	0	0
fsh-generated/resources/Bundle-MultiLine-Presc-METFORMINE-GLICLAZIDE.json	5771	5	6	0	0	0	0	0	0	13	0	0	0	0	0	0	0	0	0	0	19	23	0	0	0	0	0	0
fsh-generated/resources/Bundle-MultiLine-Presc-METHOTREXATE-LEDERFOLINE.json	5548	5	3	0	0	0	0	0	1	13	0	0	0	0	0	0	0	0	0	0	19	22	0	0	0	0	0	0
fsh-generated/resources/Bundle-MultiLine-Presc-Sucralfate-Paracetamol.json	6070	6	3	0	0	0	0	0	0	322	0	0	0	0	0	0	0	0	0	0	20	23	0	0	0	0	0	0
fsh-generated/resources/Bundle-Presc-BISOPROLOL-SANDOZ-DosesRationnelles.json	4029	5	3	0	0	0	0	0	1	3	0	0	0	0	0	0	0	0	0	0	15	15	0	0	0	0	0	0
fsh-generated/resources/Bundle-Presc-Betamethasone-ApplCut.json	2971	5	2	0	0	0	0	0	0	4	0	0	0	0	0	0	0	0	0	0	14	13	0	0	0	0	0	0
fsh-generated/resources/Bundle-Presc-CLARADOL-DoseDiffParHoraire.json	3307	5	3	0	0	0	1	0	0	3	0	0	0	0	0	0	0	0	0	0	14	13	0	0	0	0	0	0
fsh-generated/resources/Bundle-Presc-CLARADOL-SiDouleur-MaxPrise-DelaisMin.json	3497	5	3	0	0	0	0	0	1	3	0	0	0	0	0	0	0	0	0	0	15	15	0	0	0	0	0	0
fsh-generated/resources/Bundle-Presc-CLARADOL-TL6h-MedCodeableConcept.json	2354	4	2	0	0	0	0	0	0	3	0	0	0	0	0	0	0	0	0	0	12	13	0	0	0	0	0	0
fsh-generated/resources/Bundle-Presc-CLARADOL-TLMardisVendredis.json	2456	5	4	0	0	0	0	0	0	3	0	0	0	0	0	0	0	0	0	0	13	12	0	0	0	0	0	0
fsh-generated/resources/Bundle-Presc-CODOLIPRANE-MedCodeableConcept.json	2753	5	3	0	0	0	0	0	1	3	0	0	0	0	0	0	0	0	0	0	13	15	0	0	0	0	0	0
fsh-generated/resources/Bundle-Presc-Capecitabine-Dose-Calculee.json	3689	4	3	0	0	0	0	0	0	358	0	0	0	0	0	0	0	1	0	0	14	13	0	0	0	0	0	0
fsh-generated/resources/Bundle-Presc-DIPROSONE-AppCut.json	4056	5	3	0	0	0	0	0	0	6	0	0	0	0	0	0	0	0	0	0	16	13	0	0	0	0	0	0
fsh-generated/resources/Bundle-Presc-DOLIPRANE-20DoseParKG.json	3960	5	3	0	1	0	0	0	1	7	0	0	0	0	0	0	0	0	0	0	15	14	0	0	0	0	0	0
fsh-generated/resources/Bundle-Presc-EFFERALGAN.json	4062	5	2	0	0	0	0	0	0	8	0	0	0	0	0	0	0	0	0	0	15	14	0	0	0	0	0	0
fsh-generated/resources/Bundle-Presc-Fentanyl-patch72h-TL3j.json	3819	5	2	0	0	0	0	0	0	375	0	0	0	0	0	0	0	0	0	0	15	14	0	0	0	0	0	0
fsh-generated/resources/Bundle-Presc-MATRIFEN-patch-TL72h.json	4014	5	3	0	0	0	0	0	1	8	0	0	0	0	0	0	0	0	0	0	15	19	0	0	0	0	0	0
fsh-generated/resources/Bundle-Presc-MV-PerfGl-NaCl-KCl.json	2606	5	3	0	0	0	0	0	0	7	0	0	0	0	0	0	0	0	0	0	14	13	0	0	0	0	0	0
fsh-generated/resources/Bundle-Presc-Methylpredinosolone-DosesEvolutives.json	4807	5	3	0	0	0	0	0	0	7	0	0	0	0	0	0	0	0	0	0	18	14	0	0	0	0	0	0
fsh-generated/resources/Bundle-Presc-MiniperfCefotaxime-En20min-Pdt3j.json	6225	6	3	0	0	0	0	0	1	396	0	0	0	0	0	0	0	0	0	0	20	16	0	0	0	0	0	0
fsh-generated/resources/Bundle-Presc-MiniperfCefotaxime-En20min-Pdt4j.json	5969	5	2	0	0	0	0	0	0	5	0	0	0	0	0	0	0	0	0	0	19	15	0	0	0	0	0	0
fsh-generated/resources/Bundle-Presc-NICORETTESKIN-patch.json	4091	5	3	0	0	0	0	0	1	3	0	0	0	0	0	0	0	0	0	0	15	15	0	0	0	0	0	0
fsh-generated/resources/Bundle-Presc-Nicotine-15mgPar16h.json	2782	5	3	0	0	0	0	0	0	3	0	0	0	0	0	0	0	0	0	0	15	14	0	0	0	0	0	0
fsh-generated/resources/Bundle-Presc-Paracetamol-DoseEvolutive.json	3666	4	2	0	0	0	0	0	0	3	0	0	0	0	0	0	0	0	0	0	15	14	0	0	0	0	0	0
fsh-generated/resources/Bundle-Presc-Paracetamol-SiDouleur-MaxPrise-DelaisMin.json	3874	7	3	0	1	0	0	0	1	3	0	0	0	0	0	0	0	0	0	0	16	16	0	0	0	0	0	0
fsh-generated/resources/Bundle-Presc-Paracetamol-TL6h.json	2678	5	3	0	0	0	0	0	0	3	0	0	0	0	0	0	0	0	0	0	14	16	0	0	0	0	0	0
fsh-generated/resources/Bundle-Presc-Paracetamol.json	2693	5	3	0	0	0	0	0	0	3	0	0	0	0	0	0	0	0	0	0	14	13	0	0	0	0	0	0
fsh-generated/resources/Bundle-Presc-ParacetamolCodeine-500mg30mg.json	4153	6	3	0	0	0	0	0	1	4	0	0	0	0	0	0	0	0	0	0	15	13	0	0	0	0	0	1
fsh-generated/resources/Bundle-Presc-PerfDobutamine-Qsp40mL.json	6338	6	5	0	0	0	0	0	0	467	0	0	0	0	0	0	0	0	0	0	20	15	0	0	0	0	0	0
fsh-generated/resources/Bundle-Presc-PerfGl-NaCl-KCl-1l.json	7390	5	3	0	0	0	0	0	1	313	0	0	0	0	0	0	0	0	0	0	22	15	0	0	0	0	0	0
fsh-generated/resources/Bundle-Presc-PerfGl-NaCl-KCl-500ml.json	7164	6	3	0	0	0	0	0	0	7	0	0	0	0	0	0	0	0	0	0	22	16	0	0	0	0	0	0
fsh-generated/resources/Bundle-Presc-SolPrPerf-BIONOLYTE-G5-500mL-Sur12h.json	3768	4	2	0	0	0	0	0	1	4	0	0	0	0	0	0	0	0	0	0	15	18	0	0	0	0	0	0
fsh-generated/resources/Bundle-TradPN13FHIR-MultiLine-Presc-Alt-METFORMINE-GLICLAZIDE.json	12611	6	9	0	0	0	0	0	1	51	0	0	0	0	0	0	0	0	0	0	34	24	0	0	0	0	0	0
fsh-generated/resources/Bundle-TradPN13FHIR-Presc-DOLIPRANE-Interpret.json	4068	4	3	0	0	0	0	0	0	2	0	0	0	0	0	0	0	0	0	0	24	11	0	0	0	0	0	0
fsh-generated/resources/Bundle-TradPN13FHIR-Presc-DOLIPRANE.json	4209	5	3	0	0	0	0	0	0	3	0	0	0	0	0	0	0	0	0	0	21	10	0	0	1	0	0	0
fsh-generated/resources/Bundle-TradPN13FHIR-Presc-Morphine-PCA.json	7852	5	4	0	1	0	0	0	1	3	0	0	0	0	0	0	0	0	0	0	21	12	0	0	0	0	0	0
fsh-generated/resources/Bundle-TradPN13FHIR-Presc-Paracetamol-SiDouleur.json	9471	5	7	0	0	0	0	0	1	1538	0	0	0	0	0	0	0	0	0	0	30	15	0	0	0	0	0	0
fsh-generated/resources/Bundle-TradPN13FHIR-Presc-Paracetamol.json	9727	6	3	0	0	0	0	0	1	8	0	0	0	0	0	0	0	0	0	0	28	18	0	0	0	0	0	0
fsh-generated/resources/Bundle-TradPN13FHIR-Presc-perfusion-6-composants.json	16026	5	4	0	0	0	0	0	1	712	0	0	0	0	0	0	0	0	0	0	53	19	0	0	0	0	0	0
fsh-generated/resources/CodeSystem-fr-additional-action-relationship-type.json	866	5	0	0	0	0	0	0	0	7	0	0	0	0	0	0	0	0	0	0	19	404	0	0	0	0	0	0
fsh-generated/resources/CodeSystem-fr-additional-when-codes.json	3074	4	0	0	0	0	0	0	1	4	0	0	0	0	0	0	0	0	0	0	17	67	0	0	0	1	0	0
fsh-generated/resources/CodeSystem-fr-document-type.json	6938	6	0	0	0	0	0	0	0	7	0	0	1	0	0	0	0	0	0	0	23	58	0	0	0	1	0	0
fsh-generated/resources/CodeSystem-fr-editorial-status.json	825	4	0	0	0	0	0	0	1	5	0	0	0	0	0	0	0	0	0	0	12	43	0	0	0	0	0	0
fsh-generated/resources/CodeSystem-fr-medication-history-source-type.json	2367	5	0	0	0	0	0	0	0	5	0	0	0	0	0	0	0	0	1	0	18	51	0	0	0	1	0	0
fsh-generated/resources/CodeSystem-fr-medication-reconciliation-discrepancy.json	2485	4	0	0	0	0	0	0	0	4	0	0	0	0	0	0	0	0	0	0	24	42	0	0	0	0	0	0
fsh-generated/resources/CodeSystem-fr-medication-reconciliation-outcome.json	1896	5	0	0	0	0	0	0	0	5	0	0	0	0	0	0	0	0	0	0	14	41	0	0	0	0	0	0
fsh-generated/resources/CodeSystem-fr-medication-reconciliation-resolution.json	1475	4	0	0	1	0	0	0	1	5	0	0	0	0	0	0	0	0	0	0	13	40	0	0	0	1	0	0
fsh-generated/resources/CodeSystem-fr-medication-reconciliation-status.json	2128	5	0	0	0	0	0	0	0	5	0	0	0	0	0	0	0	0	0	0	14	34	0	0	0	0	0	0
fsh-generated/resources/CodeSystem-fr-medication-reconciliation-type.json	1236	4	0	0	0	0	0	0	0	4	0	0	0	0	0	0	0	1	0	0	13	34	0	0	0	1	0	1
fsh-generated/resources/CodeSystem-fr-note-scope-codes.json	1618	5	0	0	0	0	0	0	0	5	0	0	0	0	0	0	0	0	0	0	14	34	0	0	0	0	0	0
fsh-generated/resources/CodeSystem-fr-uf-role-codes.json	875	4	0	0	0	0	0	0	0	4	0	0	0	0	0	0	0	0	0	0	15	31	0	0	0	0	0	0
fsh-generated/resources/CodeSystem-medication-ingredient-strength-codes.json	1014	5	0	0	0	0	0	0	1	4	0	0	0	0	0	0	0	0	0	0	18	32	0	0	0	1	0	0
fsh-generated/resources/ConceptMap-PN13-FHIR-FreeSetCIODC-Forme-ConceptMap.json	147667	13	0	0	0	0	0	0	14	129373	0	0	0	0	0	0	0	1	0	0	266	241	0	0	0	16	0	0
fsh-generated/resources/ConceptMap-PN13-FHIR-FreeSetCIODC-Unite-ConceptMap.json	25921	7	0	0	0	0	0	0	2	40935	0	0	0	0	0	0	0	0	0	0	51	72	0	0	0	3	0	1
fsh-generated/resources/ConceptMap-PN13-FHIR-FreeSetCIODC-Voie-ConceptMap.json	32090	6	0	0	0	0	0	0	4	3004	0	0	0	0	0	0	0	0	0	0	57	53	0	0	0	3	0	0
fsh-generated/resources/ConceptMap-PN13-FHIR-gender-conceptmap.json	1938	5	0	0	0	0	0	0	0	787	0	0	0	0	0	0	0	0	0	0	12	20	0	0	0	0	0	0
fsh-generated/resources/ConceptMap-PN13-FHIR-observation-conceptmap.json	18349	5	0	0	0	0	0	0	1	818	0	0	0	0	0	0	0	0	0	0	48	39	0	0	0	2	0	0
fsh-generated/resources/ConceptMap-PN13-FHIR-prescmed-dosageinstruction-conceptmap.json	170319	10	0	0	0	0	0	0	10	638	0	0	0	0	0	0	0	1	0	0	316	155	0	0	0	17	0	1
fsh-generated/resources/ConceptMap-PN13-FHIR-prescmed-encounter-conceptmap.json	1691	5	0	0	1	0	0	0	0	342	0	0	0	0	0	0	0	0	0	0	14	18	0	0	0	0	0	0
fsh-generated/resources/ConceptMap-PN13-FHIR-prescmed-medicationcomp-conceptmap.json	3424	5	0	0	0	0	0	0	1	415	0	0	0	0	0	0	0	0	0	0	17	17	0	0	0	1	0	0
fsh-generated/resources/ConceptMap-PN13-FHIR-prescmed-medicationnoncompound-conceptmap.json	22889	5	0	0	0	0	0	0	1	496	0	0	0	0	0	0	0	0	0	0	58	35	0	0	0	2	0	0
fsh-generated/resources/ConceptMap-PN13-FHIR-prescmed-medicationrequest-conceptmap.json	45463	6	0	0	0	0	0	0	2	12	0	0	0	0	0	0	0	0	0	0	100	48	0	0	0	5	0	0
fsh-generated/resources/ConceptMap-PN13-FHIR-prescmed-patient-avec-INS-conceptmap.json	9677	5	0	0	0	0	0	0	1	400	0	0	0	0	0	0	0	0	0	0	32	28	0	0	0	2	0	0
fsh-generated/resources/ConceptMap-PN13-FHIR-prescmed-patient-id-seul-conceptmap.json	1587	5	0	0	0	0	0	0	0	5	0	0	0	0	0	0	0	0	0	0	16	17	0	0	0	0	0	0
fsh-generated/resources/ConceptMap-PN13-FHIR-prescmed-patient-sans-INS-conceptmap.json	7372	4	0	0	0	0	0	0	1	392	0	0	0	0	0	0	0	0	0	0	26	23	0	0	0	1	0	0
fsh-generated/resources/ConceptMap-PN13-FHIR-prescmed-practitioner-id-seul-conceptmap.json	1543	5	0	0	0	0	0	0	0	4	0	0	0	0	0	0	0	0	0	0	13	29	0	0	0	1	0	0
fsh-generated/resources/ConceptMap-PN13-FHIR-prescmed-practitioner-identite-conceptmap.json	4965	4	0	0	0	0	0	0	0	439	0	0	0	0	0	0	0	0	0	0	20	38	0	0	0	0	0	0
fsh-generated/resources/Group-InLine-patient-group-01.json	349	5	0	0	0	0	0	0	0	8	0	0	0	0	0	0	0	0	0	0	11	29	0	0	0	0	0	0
fsh-generated/resources/Medication-InLine-DOLIPRANE.json	1196	5	0	0	0	0	0	0	0	1	0	0	0	0	0	0	0	0	0	0	12	16	0	0	0	0	0	0
fsh-generated/resources/Medication-InLine-med-EFFERALGAN.json	1209	4	0	0	0	0	0	0	1	0	0	0	0	0	0	0	0	0	0	0	11	14	0	0	0	0	0	1
fsh-generated/resources/Medication-InLine-med-Paracetamol.json	424	5	0	0	0	0	0	0	0	0	0	0	0	0	0	0	0	0	0	0	10	14	0	0	0	0	0	0
fsh-generated/resources/MedicationDispense-Disp-DOLIPRANE-Refill-Compl-presc-DC.json	2215	4	0	0	1	0	0	0	0	393	0	0	0	0	0	0	0	0	0	0	14	29	0	0	0	0	0	0
fsh-generated/resources/MedicationDispense-Disp-DOLIPRANE-Refill-Substit.json	2227	5	0	0	0	0	0	0	0	5	0	0	0	0	0	0	0	0	0	0	13	22	0	0	0	0	0	0
fsh-generated/resources/MedicationDispense-Disp-DOLIPRANE-Refill-presc-DC.json	2228	5	0	0	0	0	0	0	0	4	0	0	0	0	0	0	0	0	0	0	13	22	0	0	0	0	0	0
fsh-generated/resources/MedicationDispense-Disp-EFFERALGAN-presc-DC.json	2233	4	0	0	0	0	0	0	0	3	0	0	0	0	0	0	0	0	0	0	14	23	0	0	0	0	0	0
fsh-generated/resources/MedicationDispense-Disp-EFFERALGAN.json	2233	6	0	0	0	0	0	0	1	3	0	0	0	0	0	0	0	0	0	0	14	21	0	0	0	0	0	0
fsh-generated/resources/MedicationDispense-Disp-group01-1.json	1871	6	0	0	0	0	0	0	0	8	0	0	0	0	0	0	0	0	0	0	14	28	0	0	0	0	0	0
fsh-generated/resources/MedicationDispense-Disp-group01-2.json	1565	5	0	0	0	0	0	0	0	7	0	0	0	0	0	0	0	0	0	0	14	28	0	0	0	0	0	0
fsh-generated/resources/MedicationRequest-InLine-Presc-EFFERALGAN.json	1759	5	0	0	0	0	0	0	0	2	0	0	0	0	0	0	0	0	0	0	18	22	0	0	0	0	0	0
fsh-generated/resources/MedicationRequest-InLine-presc-EFFERALGAN2.json	1624	5	0	0	0	0	0	0	0	2	0	0	0	0	0	0	0	0	0	0	12	19	0	0	0	0	0	0
fsh-generated/resources/MedicationRequest-InLine-presc-Paracetamol1.json	1654	4	0	0	0	0	0	0	1	3	0	0	0	0	0	0	0	0	0	0	12	21	0	0	0	0	0	0
fsh-generated/resources/MedicationRequest-InLine-presc-Paracetamol2.json	1588	5	0	0	0	0	0	0	0	2	0	0	0	0	0	0	0	0	0	0	12	19	0	0	0	0	0	0
fsh-generated/resources/StructureDefinition-FrRangeMedication.json	1900	6	0	27	0	0	0	0	0	58	0	0	0	0	0	0	0	0	0	0	30	574	0	0	0	2	1	0
fsh-generated/resources/StructureDefinition-FrRatioMedication.json	1557	4	0	21	1	0	0	0	0	11	0	0	0	0	0	0	0	1	0	0	29	108	0	0	0	1	0	0
fsh-generated/resources/StructureDefinition-FrSimpleQuantityMedication.json	2333	5	0	27	0	0	0	0	0	12	0	0	0	0	0	0	0	0	0	0	33	122	0	0	0	2	0	0
fsh-generated/resources/StructureDefinition-fr-additional-action-relationship.json	1766	5	0	28	0	0	0	0	0	14	0	0	0	0	0	0	0	0	0	0	33	124	0	0	0	1	0	0
fsh-generated/resources/StructureDefinition-fr-additional-when-values.json	1618	4	0	29	0	0	0	0	0	11	0	0	0	0	0	0	0	0	0	0	31	82	0	0	0	2	0	0
fsh-generated/resources/StructureDefinition-fr-basis-of-dose-component.json	1973	5	0	30	0	0	0	0	0	11	0	0	0	0	0	0	0	0	0	0	31	82	0	0	0	1	0	0
fsh-generated/resources/StructureDefinition-fr-current-medication-composition.json	10869	5	0	75	0	0	0	0	0	40	0	0	0	0	0	0	0	0	0	0	230	400	0	0	0	15	0	1
fsh-generated/resources/StructureDefinition-fr-current-medication-medicationstatement.json	6959	5	0	66	0	0	0	0	0	33	0	0	0	0	0	0	0	1	0	0	166	331	0	0	0	10	0	1
fsh-generated/resources/StructureDefinition-fr-drug-characteristic.json	3532	4	0	34	0	0	0	0	1	27	0	0	0	0	0	0	0	0	0	0	73	108	0	0	0	4	0	0
fsh-generated/resources/StructureDefinition-fr-inpatient-medication-dispense.json	2477	5	0	67	0	0	0	0	0	20	0	0	0	0	0	0	0	1	0	0	107	192	0	0	0	6	0	0
fsh-generated/resources/StructureDefinition-fr-inpatient-medicationrequest.json	3251	5	0	214	0	0	0	0	0	45	0	0	1	0	0	0	0	1	0	0	294	661	0	0	0	18	0	2
fsh-generated/resources/StructureDefinition-fr-is-vehicle.json	1463	4	0	36	0	0	0	0	0	10	0	0	0	0	0	0	0	0	0	0	30	90	0	0	0	1	0	0
fsh-generated/resources/StructureDefinition-fr-ligne-prescription.json	5234	5	0	35	1	0	0	0	0	17	0	0	0	0	0	0	0	0	0	0	48	105	0	0	0	2	0	0
fsh-generated/resources/StructureDefinition-fr-medication-compound.json	3793	5	0	19	0	0	0	0	0	21	0	0	0	0	0	0	0	0	0	0	89	246	0	0	0	5	0	0
fsh-generated/resources/StructureDefinition-fr-medication-history-composition.json	11610	5	0	119	0	0	0	0	0	47	0	0	0	0	0	0	0	1	0	0	233	483	0	0	0	17	0	1
fsh-generated/resources/StructureDefinition-fr-medication-history-medicationstatement.json	10095	6	0	32	0	0	0	0	0	56	0	0	0	0	0	0	0	1	0	0	192	348	0	0	0	11	0	1
fsh-generated/resources/StructureDefinition-fr-medication-history-sources.json	8686	5	0	8	0	0	0	0	0	30	0	0	0	0	0	0	0	0	0	0	106	128	0	0	0	5	1	0
fsh-generated/resources/StructureDefinition-fr-medication-noncompound.json	7728	5	0	23	0	0	0	0	0	22	0	0	0	0	0	0	0	0	0	0	112	163	0	0	0	6	0	1
fsh-generated/resources/StructureDefinition-fr-medication-reconciliation-composition.json	22322	5	0	81	0	0	0	0	0	59	0	0	1	0	0	0	0	1	0	0	360	499	0	1	0	19	0	1
fsh-generated/resources/StructureDefinition-fr-medication-reconciliation-statement.json	13695	5	0	128	0	0	0	0	0	32	0	0	0	0	0	0	0	1	0	0	225	363	0	0	0	12	0	1
fsh-generated/resources/StructureDefinition-fr-medication-virtual.json	2430	5	0	15	0	0	0	0	0	20	0	0	0	0	0	0	0	1	0	0	79	179	0	0	0	4	0	0
fsh-generated/resources/StructureDefinition-fr-medication.json	4159	5	0	15	0	0	0	0	0	26	0	0	0	0	0	0	0	0	0	0	83	163	0	0	0	5	0	0
fsh-generated/resources/StructureDefinition-fr-medicationrequest-note-scope.json	1637	4	0	5	1	0	0	0	1	11	0	0	0	0	0	0	0	0	0	0	33	84	0	0	0	1	0	0
fsh-generated/resources/StructureDefinition-fr-medicationrequest.json	11949	5	0	3	0	0	0	0	0	58	0	0	0	0	0	0	0	1	0	0	315	593	0	0	0	18	0	2
fsh-generated/resources/StructureDefinition-fr-medicationstatement-reconciliation-properties.json	76680	8	0	37	0	0	0	0	0	120	0	0	1	0	0	0	0	2	0	0	862	1133	0	0	0	40	0	2
fsh-generated/resources/StructureDefinition-fr-mp-substance.json	1952	5	0	6	0	0	0	0	0	10	0	0	0	0	0	0	0	1	0	0	31	89	0	0	0	2	0	0
fsh-generated/resources/StructureDefinition-fr-observation-for-prescription.json	976	4	0	31	0	0	0	0	0	14	0	0	0	0	0	0	0	0	0	0	113	315	0	0	0	7	0	1
fsh-generated/resources/StructureDefinition-fr-on-admission-medication-composition.json	1807	5	0	13	0	0	0	0	0	16	0	0	0	0	0	0	0	1	0	0	136	397	0	0	0	7	1	0
fsh-generated/resources/StructureDefinition-fr-on-admission-retroactive-reconciliation-composition.json	3068	4	0	30	0	0	0	0	0	25	0	0	0	0	0	0	0	1	0	0	290	483	0	0	0	14	0	2
fsh-generated/resources/StructureDefinition-fr-posologie.json	15455	6	0	12	0	0	0	0	0	28	0	0	0	0	0	0	0	0	0	0	121	116	0	0	0	6	0	0
fsh-generated/resources/StructureDefinition-fr-prescription-bundle-for-example.json	1669	4	0	27	0	0	0	0	0	18	0	0	0	0	0	0	0	0	0	0	97	168	0	0	0	5	0	0
fsh-generated/resources/StructureDefinition-fr-requestgroup-for-prescription.json	1831	5	0	27	0	0	0	0	0	15	0	0	1	0	0	0	0	1	0	0	112	179	0	0	0	14	0	1
fsh-generated/resources/StructureDefinition-fr-strength-codeableconcept.json	1533	4	0	8	0	0	0	0	0	6	0	0	0	0	0	0	0	0	0	0	30	67	0	0	0	2	0	0
fsh-generated/resources/StructureDefinition-fr-treatment-intent.json	1858	5	0	5	1	0	0	0	0	7	0	0	0	0	0	0	0	0	0	0	31	74	0	0	0	1	0	0
fsh-generated/resources/StructureDefinition-fr-uf-role.json	1543	4	0	4	0	0	0	0	0	6	0	0	0	0	0	0	0	0	0	0	30	71	0	0	0	1	0	0
fsh-generated/resources/ValueSet-FrMethodOfAdministration.json	673	5	0	0	0	0	0	0	0	31	0	0	0	0	0	0	0	0	0	0	11	1944	0	0	0	1	0	0
fsh-generated/resources/ValueSet-fr-additional-action-relationship-type-value-set.json	887	4	0	0	0	0	0	0	1	5	0	0	0	0	0	0	0	0	0	0	12	30	0	0	0	0	0	0
fsh-generated/resources/ValueSet-fr-additional-when-codes.json	797	5	0	0	0	0	0	0	0	4	0	0	0	0	0	0	0	0	0	0	12	52	0	0	0	0	0	0
fsh-generated/resources/ValueSet-fr-current-medication-document-type.json	1004	4	0	0	0	0	0	0	0	6	0	0	0	0	0	0	0	0	0	0	11	31	0	0	0	1	0	0
fsh-generated/resources/ValueSet-fr-editorial-status.json	694	5	0	0	0	0	0	0	0	5	0	0	0	0	0	0	0	0	0	0	11	33	0	0	0	0	0	0
fsh-generated/resources/ValueSet-fr-medication-code.json	747	4	0	0	0	0	0	0	0	173	0	0	0	0	0	0	0	0	0	0	11	1041	0	0	0	0	0	0
fsh-generated/resources/ValueSet-fr-medication-history-source-type.json	756	5	0	0	0	0	0	0	0	4	0	0	0	0	0	0	0	0	0	0	11	62	0	0	0	1	0	0
fsh-generated/resources/ValueSet-fr-medication-reconciliation-document-type.json	1023	4	0	0	1	0	0	0	0	4	0	0	0	0	0	0	0	0	0	0	11	50	0	0	0	0	0	0
fsh-generated/resources/ValueSet-fr-medication-reconciliation-outcome.json	872	4	0	0	0	0	0	0	1	4	0	0	0	0	0	0	0	0	0	0	11	37	0	0	0	0	0	0
fsh-generated/resources/ValueSet-fr-medication-reconciliation-qualified-discrepancy.json	1106	5	0	0	0	0	0	0	0	5	0	0	0	0	0	0	0	0	0	0	12	33	0	0	0	0	0	0
fsh-generated/resources/ValueSet-fr-medication-reconciliation-resolution.json	900	5	0	0	0	0	0	0	1	4	0	0	0	0	0	0	0	0	0	0	11	37	0	0	0	1	0	0
fsh-generated/resources/ValueSet-fr-medication-reconciliation-status.json	836	4	0	0	0	0	0	0	0	4	0	0	0	0	0	0	0	0	0	0	11	38	0	0	0	0	0	0
fsh-generated/resources/ValueSet-fr-medication-reconciliation-type.json	860	5	0	0	0	0	0	0	0	4	0	0	0	0	0	0	0	0	0	0	11	40	0	0	0	0	0	0
fsh-generated/resources/ValueSet-fr-mp-dose-form.json	622	4	0	1	0	0	0	0	0	4	0	0	0	0	0	0	0	0	0	0	10	1705	0	0	0	0	0	0
fsh-generated/resources/ValueSet-fr-note-scope-codes-vs.json	774	5	0	0	0	0	0	0	0	4	0	0	0	0	0	0	0	0	0	0	11	52	0	0	0	1	0	0
fsh-generated/resources/ValueSet-fr-route-of-administration.json	674	4	0	0	1	0	0	0	0	4	0	0	0	0	0	0	0	0	0	0	11	1756	0	0	0	0	0	0
fsh-generated/resources/ValueSet-fr-substance-code.json	708	5	0	0	0	0	0	0	0	4	0	0	0	0	0	0	0	0	0	0	11	895	0	0	0	0	0	0
fsh-generated/resources/ValueSet-fr-treatment-intent.json	868	4	0	0	0	0	0	0	1	1467	0	0	0	0	0	0	0	0	0	0	11	552	0	0	0	0	0	0
fsh-generated/resources/ValueSet-fr-uf-role-code-for-prescription.json	724	4	0	0	0	0	0	0	0	4	0	0	0	0	0	0	0	0	0	0	11	25	0	0	0	1	0	0
fsh-generated/resources/ValueSet-medication-ingredient-strength-codes.json	1244	5	0	0	0	0	0	0	0	5	0	0	0	0	0	0	0	0	0	0	12	32	0	0	0	0	0	0
/input/includes/markdown-link-references.md	104	-	-	-	0	0	0	0	0	0	0	0	0	0	0	0	0	0	0	0	0	0	0	0	0	0	0	0
/fsh-generated/includes/fsh-link-references.md	14341	-	-	-	0	0	0	0	0	0	0	0	0	0	0	0	0	0	0	0	0	0	0	0	0	0	0	0
/fsh-generated/includes/menu.xml	3845	-	-	-	0	0	0	0	0	0	0	0	0	0	0	0	0	0	0	0	0	0	0	0	0	0	0	0
/input/pagecontent/transformation-FHIR-vers-PN13.md	250	-	-	-	0	0	0	0	0	0	0	0	0	0	0	0	0	0	0	0	0	0	0	0	0	0	0	0
/input/pagecontent/transformation-PN13-vers-FHIR.md	26261	-	-	-	0	0	0	0	0	0	0	0	0	0	0	0	0	0	0	0	0	1	0	0	0	0	0	0
/input/pagecontent/StructureDefinition-fr-current-medication-medicationstatement-intro.md	740	-	-	-	0	0	0	0	0	0	0	0	0	0	0	0	0	0	0	0	0	0	0	0	0	0	0	0
/input/pagecontent/transformationPN13-FHIR-Intro.md	544	-	-	-	0	0	0	0	0	0	0	0	0	0	0	0	0	0	0	0	0	0	0	0	0	0	0	0
/input/pagecontent/suivitravaux.md	6329	-	-	-	0	0	0	0	0	0	0	0	0	0	0	0	0	0	0	0	0	0	0	0	0	0	0	0
/input/pagecontent/PN13-prescription-compound.md	7358	-	-	-	0	0	0	0	0	0	0	0	0	0	0	0	0	0	0	0	0	1	0	0	0	0	0	0
/input/pagecontent/prescription-VueEnsemble.md	26199	-	-	-	0	0	0	0	0	0	0	0	0	0	0	0	0	0	0	0	0	0	0	0	0	0	0	0
/input/pagecontent/PN13-prescription-specialite.md	13390	-	-	-	0	0	0	0	0	0	0	0	0	0	0	0	0	0	0	0	0	0	0	0	0	0	0	0
/input/pagecontent/prescription-Document.md	100	-	-	-	0	0	0	0	0	0	0	0	0	0	0	0	0	0	0	0	0	0	0	0	0	0	0	0
/input/pagecontent/PN13-prescription-DC.md	8205	-	-	-	0	0	0	0	0	0	0	0	0	0	0	0	0	0	0	0	0	1	0	0	0	0	0	0
/input/pagecontent/prescription-Intro.md	795	-	-	-	0	0	0	0	0	0	0	0	0	0	0	0	0	0	0	0	0	0	0	0	0	0	0	0
/input/pagecontent/prescription-Exemples.md	38256	-	-	-	0	0	0	0	0	0	0	0	0	0	0	0	0	0	0	0	0	0	0	0	0	0	0	0
/input/pagecontent/prescription-CasUsage.md	2777	-	-	-	0	0	0	0	0	0	0	0	0	0	0	0	0	0	0	0	0	0	0	0	0	0	0	0
/input/pagecontent/StructureDefinition-fr-on-admission-retroactive-reconciliation-composition-intro.md	1447	-	-	-	0	0	0	0	0	0	0	0	0	0	0	0	0	0	0	0	0	0	0	0	0	0	0	0
/input/pagecontent/downloads.md	1035	-	-	-	0	0	0	0	0	0	0	0	0	0	0	0	0	0	0	0	0	1	0	0	0	0	0	0
/input/pagecontent/index.md	1928	-	-	-	0	0	0	0	0	0	0	0	0	0	0	0	0	0	0	0	0	0	0	0	0	0	0	0
/input/pagecontent/PN13-exemples-intro.md	1023	-	-	-	0	0	0	0	0	0	0	0	0	0	0	0	0	0	0	0	0	0	0	0	0	0	0	0
/input/pagecontent/PN13-prescription-MV.md	104	-	-	-	0	0	0	0	0	0	0	0	0	0	0	0	0	0	0	0	0	0	0	0	0	0	0	0
/template/config	0	-	-	-	0	0	0	0	0	0	0	0	0	0	0	0	0	0	0	0	0	0	0	0	0	0	0	0
/template/config/_config.yml	31	-	-	-	0	0	0	0	0	0	0	0	0	0	0	0	0	0	0	0	0	0	0	0	0	0	0	0
/input/images	0	-	-	-	0	0	0	0	0	0	0	0	0	0	0	0	0	0	0	0	0	0	0	0	0	0	0	0
/input/images/Prescription5.jpg	61306	-	-	-	0	0	0	0	0	0	0	0	0	0	0	0	0	0	0	0	0	0	0	0	0	0	0	0
/input/images/Prescription3.jpg	40031	-	-	-	0	0	0	0	0	0	0	0	0	0	0	0	0	0	0	0	0	1	0	0	0	0	0	0
/input/images/Prescription6.jpg	65626	-	-	-	0	0	0	0	0	0	0	0	0	0	0	0	0	0	0	0	0	0	0	0	0	0	0	0
/input/images/Conciliation3.jpg	39545	-	-	-	0	0	0	0	0	0	0	0	0	0	0	0	0	0	0	0	0	0	0	0	0	0	0	0
/input/images/Dispensation1.png	78270	-	-	-	0	0	0	0	0	0	0	0	0	0	0	0	0	0	0	0	0	0	0	0	0	0	0	0
/input/images/LOGO_IS.png	64824	-	-	-	0	0	0	0	0	0	0	0	0	0	0	0	0	0	0	0	0	0	0	0	0	0	0	0
/input/images/Conciliation2.jpg	185958	-	-	-	0	0	0	0	0	0	0	0	0	0	0	0	0	0	0	0	0	0	0	0	0	0	0	0
/input/images/Prescription2.jpg	40900	-	-	-	0	0	0	0	0	0	0	0	0	0	0	0	0	0	0	0	0	1	0	0	0	0	0	0
/input/images/Conciliation1.jpg	134555	-	-	-	0	0	0	0	0	0	0	0	0	0	0	0	0	0	0	0	0	0	0	0	0	0	0	0
/temp/pages/_includes/artifacts.xml	88688	-	-	-	-	-	-	-	-	-	-	-	-	-	-	-	-	-	-	-	-	1	0	0	0	0	0	0
